{
    "columns": [
        "valence",
        "year",
        "acousticness",
        "artists",
        "danceability",
        "duration_ms",
        "energy",
        "explicit",
        "id",
        "instrumentalness",
        "key",
        "liveness",
        "loudness",
        "mode",
        "name",
        "popularity",
        "release_date",
        "speechiness",
        "tempo"
    ],
    "num_rows": 133638,
    "stats": {
        "valence": {
            "count": 133638.0,
            "mean": 0.5329440743134439,
            "std": 0.2633981187208594,
            "min": 0.0,
            "25%": 0.3229999999999999,
            "50%": 0.546,
            "75%": 0.7509999999999999,
            "max": 1.0
        },
        "year": {
            "count": 133638.0,
            "mean": 1975.803184722908,
            "std": 26.261596172823676,
            "min": 1921.0,
            "25%": 1954.0,
            "50%": 1977.0,
            "75%": 1998.0,
            "max": 2020.0
        },
        "acousticness": {
            "count": 133638.0,
            "mean": 0.5041598920636345,
            "std": 0.37808244467805946,
            "min": 0.0,
            "25%": 0.101,
            "50%": 0.518,
            "75%": 0.902,
            "max": 0.996
        },
        "danceability": {
            "count": 133638.0,
            "mean": -3.5091680929201733e-16,
            "std": 1.0000037414717826,
            "min": -3.0341264232418865,
            "25%": -0.6973203712247565,
            "50%": 0.06284545292539467,
            "75%": 0.7498101236388642,
            "max": 2.5291612379458837
        },
        "duration_ms": {
            "count": 133638.0,
            "mean": 231123.40171957077,
            "std": 131127.5303385027,
            "min": 5108.0,
            "25%": 168988.0,
            "50%": 206493.0,
            "75%": 262720.0,
            "max": 5403500.0
        },
        "energy": {
            "count": 133638.0,
            "mean": 2.211839282810291e-17,
            "std": 1.0000037414717826,
            "min": -1.7980743629253244,
            "25%": -0.8511026016936025,
            "50%": -0.04207554583815528,
            "75%": 0.82660327450433,
            "max": 1.9301609175145251
        },
        "explicit": {
            "count": 133638.0,
            "mean": 0.09189751418009848,
            "std": 0.2888823039545579,
            "min": 0.0,
            "25%": 0.0,
            "50%": 0.0,
            "75%": 0.0,
            "max": 1.0
        },
        "instrumentalness": {
            "count": 133638.0,
            "mean": 0.1693552709057304,
            "std": 0.3148049970124195,
            "min": 0.0,
            "25%": 0.0,
            "50%": 0.000237,
            "75%": 0.112,
            "max": 1.0
        },
        "key": {
            "count": 133638.0,
            "mean": 5.212020533081908,
            "std": 3.5173722517180357,
            "min": 0.0,
            "25%": 2.0,
            "50%": 5.0,
            "75%": 8.0,
            "max": 11.0
        },
        "liveness": {
            "count": 133638.0,
            "mean": 0.21050125091665545,
            "std": 0.1795516449146446,
            "min": 0.0,
            "25%": 0.0994,
            "50%": 0.138,
            "75%": 0.269,
            "max": 1.0
        },
        "loudness": {
            "count": 133638.0,
            "mean": 3.913679327679156,
            "std": 0.12723993667293818,
            "min": 0.6931471805599453,
            "25%": 3.8561085234663888,
            "50%": 3.939463059853537,
            "75%": 4.003507695550324,
            "max": 4.18745535545101
        },
        "mode": {
            "count": 133638.0,
            "mean": 0.7048144988700819,
            "std": 0.45612780872202796,
            "min": 0.0,
            "25%": 0.0,
            "50%": 1.0,
            "75%": 1.0,
            "max": 1.0
        },
        "popularity": {
            "count": 133638.0,
            "mean": 0.311080381328664,
            "std": 0.22385565438545993,
            "min": 0.0,
            "25%": 0.08,
            "50%": 0.33,
            "75%": 0.48,
            "max": 1.0
        },
        "speechiness": {
            "count": 133638.0,
            "mean": 0.10753629731064519,
            "std": 0.1785869027913569,
            "min": 0.0,
            "25%": 0.0354,
            "50%": 0.0462,
            "75%": 0.0814,
            "max": 0.97
        },
        "tempo": {
            "count": 133638.0,
            "mean": 0.47974714304075217,
            "std": 0.1262998401960376,
            "min": 0.0,
            "25%": 0.38321896290455715,
            "50%": 0.47130677968189827,
            "75%": 0.5565168557782734,
            "max": 1.0
        }
    }
}