{
    "columns": [
        "valence",
        "year",
        "acousticness",
        "artists",
        "danceability",
        "duration_ms",
        "energy",
        "explicit",
        "id",
        "instrumentalness",
        "key",
        "liveness",
        "loudness",
        "mode",
        "name",
        "popularity",
        "release_date",
        "speechiness",
        "tempo"
    ],
    "num_rows": 170653,
    "stats": {
        "valence": {
            "count": 170653.0,
            "mean": 0.5285872111424939,
            "std": 0.26317146398972013,
            "min": 0.0,
            "25%": 0.317,
            "50%": 0.54,
            "75%": 0.747,
            "max": 1.0
        },
        "year": {
            "count": 170653.0,
            "mean": 1976.7872407751402,
            "std": 25.91785256455797,
            "min": 1921.0,
            "25%": 1956.0,
            "50%": 1977.0,
            "75%": 1999.0,
            "max": 2020.0
        },
        "acousticness": {
            "count": 170653.0,
            "mean": 0.5021147637067032,
            "std": 0.3760317251620435,
            "min": 0.0,
            "25%": 0.102,
            "50%": 0.516,
            "75%": 0.893,
            "max": 0.996
        },
        "danceability": {
            "count": 170653.0,
            "mean": 0.5373955347986852,
            "std": 0.1761377356260658,
            "min": 0.0,
            "25%": 0.415,
            "50%": 0.5479999999999999,
            "75%": 0.6679999999999999,
            "max": 0.988
        },
        "duration_ms": {
            "count": 170653.0,
            "mean": 230948.3106655025,
            "std": 126118.41466807322,
            "min": 5108.0,
            "25%": 169827.0,
            "50%": 207467.0,
            "75%": 262400.0,
            "max": 5403500.0
        },
        "energy": {
            "count": 170653.0,
            "mean": 0.4823888351127728,
            "std": 0.2676457045730614,
            "min": 0.0,
            "25%": 0.255,
            "50%": 0.471,
            "75%": 0.703,
            "max": 1.0
        },
        "explicit": {
            "count": 170653.0,
            "mean": 0.08457513199299163,
            "std": 0.2782492277184763,
            "min": 0.0,
            "25%": 0.0,
            "50%": 0.0,
            "75%": 0.0,
            "max": 1.0
        },
        "instrumentalness": {
            "count": 170653.0,
            "mean": 0.16700958082940237,
            "std": 0.3134746738769889,
            "min": 0.0,
            "25%": 0.0,
            "50%": 0.000216,
            "75%": 0.102,
            "max": 1.0
        },
        "key": {
            "count": 170653.0,
            "mean": 5.199844128143074,
            "std": 3.515093906137163,
            "min": 0.0,
            "25%": 2.0,
            "50%": 5.0,
            "75%": 8.0,
            "max": 11.0
        },
        "liveness": {
            "count": 170653.0,
            "mean": 0.20583865545873795,
            "std": 0.17480466125905442,
            "min": 0.0,
            "25%": 0.0988,
            "50%": 0.136,
            "75%": 0.261,
            "max": 1.0
        },
        "loudness": {
            "count": 170653.0,
            "mean": -11.467990038264784,
            "std": 5.697942912369133,
            "min": -60.0,
            "25%": -14.615,
            "50%": -10.58,
            "75%": -7.183,
            "max": 3.855
        },
        "mode": {
            "count": 170653.0,
            "mean": 0.7069023105365859,
            "std": 0.45518419130201376,
            "min": 0.0,
            "25%": 0.0,
            "50%": 1.0,
            "75%": 1.0,
            "max": 1.0
        },
        "popularity": {
            "count": 170653.0,
            "mean": 31.431794342906365,
            "std": 21.82661513928142,
            "min": 0.0,
            "25%": 11.0,
            "50%": 33.0,
            "75%": 48.0,
            "max": 100.0
        },
        "speechiness": {
            "count": 170653.0,
            "mean": 0.09839326235108671,
            "std": 0.16274007247138322,
            "min": 0.0,
            "25%": 0.0349,
            "50%": 0.045,
            "75%": 0.0756,
            "max": 0.97
        },
        "tempo": {
            "count": 170653.0,
            "mean": 116.86158961752797,
            "std": 30.708533040433153,
            "min": 0.0,
            "25%": 93.421,
            "50%": 114.729,
            "75%": 135.537,
            "max": 243.507
        }
    }
}